Original,Character,Dialogue,Wordcount
Lunafreya Nox Fleuret:(narrating)For centuries the sacred magic of theDivine Crystalblessed our world and its people.,Lunafreya, (narrating) For centuries the sacred magic of the Divine Crystal blessed our world and its people.,13
"Lunafreya:(narrating)But, in time, the promise of its power brought war to our lands.",Lunafreya," (narrating) But, in time, the promise of its power brought war to our lands.",13
"Lunafreya:(narrating)Amid the escalating war, Prince Noctis of Lucis had come to Tenebrae to seek healing for a grievous injury. He made the long journey together with his father, King Regis.",Lunafreya," (narrating) Amid the escalating war, Prince Noctis of Lucis had come to Tenebrae to seek healing for a grievous injury. He made the long journey together with his father, King Regis.",30
"Lunafreya:(narrating)Mother, brother, and I, the royalty of Tenebrae, had all welcomed their visit.",Lunafreya," (narrating) Mother, brother, and I, the royalty of Tenebrae, had all welcomed their visit.",13
"Lunafreya:(narrating)It was then that the fires came, everywhere and all at once.",Lunafreya," (narrating) It was then that the fires came, everywhere and all at once.",12
"Lunafreya:(narrating)In a mere instant, the whole of Tenebrae was ablaze.",Lunafreya," (narrating) In a mere instant, the whole of Tenebrae was ablaze.",10
Ravus Nox Fleuret:Mother!,Ravus, Mother!,1
Regis Lucis Caelum:General Glauca.,King Regis, General Glauca.,2
Luna:(narrating)The Niflheim attack was an attempt on the lives of the visiting Lucian royalty.,Luna, (narrating) The Niflheim attack was an attempt on the lives of the visiting Lucian royalty.,14
"Ravus:Please, help us! King Regis!",Ravus," Please, help us! King Regis!",5
Noctis Lucis Caelum:Luna!,Noctis, Luna!,1
"Lunafreya:(narrating)From that day until this day, Tenebrae has been gripped in the iron fist of Niflheim, sworn enemy of Lucis.",Lunafreya," (narrating) From that day until this day, Tenebrae has been gripped in the iron fist of Niflheim, sworn enemy of Lucis.",20
"Libertus Ostium:What's the hold-up, Crowe?",Libertus," What's the hold-up, Crowe?",4
Crowe:(into earpiece)Almost there...,Crowe, (into earpiece) Almost there...,3
Pelna Khara:Lucis isn't paying us refugees enough for this!,Pelna Khara, Lucis isn't paying us refugees enough for this!,8
Pelna:How is this fair?,Pelna, How is this fair?,4
"Pelna:Nyx, I owe you one.",Pelna," Nyx, I owe you one.",5
Nyx:You and everyone else.,Nyx, You and everyone else.,4
"Nyx:I'm on my way. Pelna, fall back and regroup with the others.",Nyx," I'm on my way. Pelna, fall back and regroup with the others.",12
"Pelna:Go easy on the magic, hero. You got people waiting for you back home.",Pelna," Go easy on the magic, hero. You got people waiting for you back home.",14
Nyx:I'm worth the wait.,Nyx, I'm worth the wait.,4
"Luche:(over radio)Watch your back, Libertus. We got more incoming.",Luche," (over radio) Watch your back, Libertus. We got more incoming.",9
Libertus:We ain't gonna last much longer. Crowe!,Libertus, We ain't gonna last much longer. Crowe!,7
"Luche:(over radio)All Glaives, fall back. Repeat, all Glaives fall back!",Luche," (over radio) All Glaives, fall back. Repeat, all Glaives fall back!",10
Niflheim Man:Release the daemon.,Niflheim Man, Release the daemon.,3
Captain Drautos:(over radio)We can't take down that daemon. I'm ordering a full retreat. Get back here alive. That's an order. For hearth and home.,Captain Drautos, (over radio) We can't take down that daemon. I'm ordering a full retreat. Get back here alive. That's an order. For hearth and home.,23
"Glaive:(over radio)All units, fall back to the extraction point. Support is inbound.",Glaive," (over radio) All units, fall back to the extraction point. Support is inbound.",12
Luche:Nyx! We have to get out of here. Nyx! We have orders!,Luche, Nyx! We have to get out of here. Nyx! We have orders!,12
Girl's Voice:(memory)Help!,Girl's Voice, (memory) Help!,1
"Nyx:Oh, that idiot.",Nyx," Oh, that idiot.",3
"Pelna:Crowe, we gotta move.",Pelna," Crowe, we gotta move.",4
Libertus:You gotta be kidding me.,Libertus, You gotta be kidding me.,5
"Libertus:Whoa, whoa, whoa! You know I ain't got the stomach for this crap.",Libertus," Whoa, whoa, whoa! You know I ain't got the stomach for this crap.",13
"Captain Drautos:Luche, report.",Captain Drautos," Luche, report.",2
"Luche:The imperial forces look to be withdrawing, sir.",Luche," The imperial forces look to be withdrawing, sir.",8
Libertus:Guess I owe you another one.,Libertus, Guess I owe you another one.,6
"Nyx:I'll put it on your tab. You just try and get some rest, alright?",Nyx," I'll put it on your tab. You just try and get some rest, alright?",14
Captain Drautos:You disobeyed a direct order to retreat.,Captain Drautos, You disobeyed a direct order to retreat.,7
"Nyx:""For hearth and home,"" right, sir? As long as I got strength in my body, I obeythatorder.",Nyx," ""For hearth and home,"" right, sir? As long as I got strength in my body, I obey that order.",17
"Captain Drautos:Don't fool yourself, Nyx Ulric. Whatever strength you have is on loan from the king. You are nothing without him. Await details of your reassignment.",Captain Drautos," Don't fool yourself, Nyx Ulric. Whatever strength you have is on loan from the king. You are nothing without him. Await details of your reassignment.",25
"Captain Drautos:Yes, Your Majesty. Despite their victory all but assured.",Captain Drautos," Yes, Your Majesty. Despite their victory all but assured.",9
King Regis:A sudden and inexplicable retreat.,King Regis, A sudden and inexplicable retreat.,5
"Clarus Amicitia:We are at risk nonetheless, Your Majesty. We cannot know when they will strike again.",Clarus Amicitia," We are at risk nonetheless, Your Majesty. We cannot know when they will strike again.",15
"Man:Your Majesty, word from the West Gate. A man claiming to be an envoy of the Empire requests an audience.",Man," Your Majesty, word from the West Gate. A man claiming to be an envoy of the Empire requests an audience.",20
"Man:(voice over)The envoy from Niflheim awaits without, Your Majesty.",Man," (voice over) The envoy from Niflheim awaits without, Your Majesty.",9
"???:Hello there. Hello! Good day to you...and you. Well met, my dear Lucians.",???," Hello there. Hello! Good day to you...and you. Well met, my dear Lucians.",13
"King Regis:Has Niflheim grown so bold that they send the chancellor himself as envoy? And under no guard, at that?",King Regis," Has Niflheim grown so bold that they send the chancellor himself as envoy? And under no guard, at that?",19
"Chancellor Izunia:It is an honor to be recognized by the great King Regis! Yet, permit me to stand on ceremony and introduce myself nonetheless.",Chancellor Izunia," It is an honor to be recognized by the great King Regis! Yet, permit me to stand on ceremony and introduce myself nonetheless.",23
"Chancellor Izunia:Ardyn Izunia, chancellor of Niflheim, at your humble service. And I come to you on this most auspicious of days to offer terms of peace.",Chancellor Izunia," Ardyn Izunia, chancellor of Niflheim, at your humble service. And I come to you on this most auspicious of days to offer terms of peace.",25
"Chancellor Izunia:As you no doubt surmised, that recent maneuver of ours was no strategic retreat. Call it...",Chancellor Izunia," As you no doubt surmised, that recent maneuver of ours was no strategic retreat. Call it...",16
"Chancellor Izunia:A gesture of imperial goodwill. Like you, we wish nothing more than to bring a swift end to this senseless war.",Chancellor Izunia," A gesture of imperial goodwill. Like you, we wish nothing more than to bring a swift end to this senseless war.",21
King Regis:Is that so?,King Regis, Is that so?,3
"Chancellor Izunia:It is, indeed. And we require but a singular compliance: save your grand Insomnia here, Lucis must forfeit all territories to Niflheim rule.",Chancellor Izunia," It is, indeed. And we require but a singular compliance save your grand Insomnia here, Lucis must forfeit all territories to Niflheim rule.",23
"Chancellor Izunia:Ah, Insomnia! The jewel in the crown of the Lucian kingdom. How foolish of me to forget. There is just one more trivial thing. It concerns your son. The fetching Prince Noctis of Lucis and the fair Princess Lunafreya of Tenebrae...they are to be wed. You seem vexed, Your Highness. I assure you, the princess still holds you in the highest regard as she has done all these twelve long years.",Chancellor Izunia," Ah, Insomnia! The jewel in the crown of the Lucian kingdom. How foolish of me to forget. There is just one more trivial thing. It concerns your son. The fetching Prince Noctis of Lucis and the fair Princess Lunafreya of Tenebrae...they are to be wed. You seem vexed, Your Highness. I assure you, the princess still holds you in the highest regard as she has done all these twelve long years.",71
"Petra:Do yourself a favor, take a look around. This is what a hundred years of peace looks like. It's a lasting peace made by the Wall and the Wall alone.",Petra," Do yourself a favor, take a look around. This is what a hundred years of peace looks like. It's a lasting peace made by the Wall and the Wall alone.",30
"Petra:See, we don't need any of you immigrants jumping around, playing war hero.",Petra," See, we don't need any of you immigrants jumping around, playing war hero.",13
"Libertus:Hey! Rough day on the gate, huh, Glaive?",Libertus," Hey! Rough day on the gate, huh, Glaive?",8
Crowe:You jerk! It's your fault he got stuck there!,Crowe, You jerk! It's your fault he got stuck there!,9
Nyx:Not a very nice welcome for a big hero.,Nyx, Not a very nice welcome for a big hero.,9
"Crowe:Not a very nice outfit for one, either.",Crowe," Not a very nice outfit for one, either.",8
Nyx:I think it brings out my eyes.,Nyx, I think it brings out my eyes.,7
"Crowe:Hey, Libertus. You thank Nyx for saving your life yet?",Crowe," Hey, Libertus. You thank Nyx for saving your life yet?",10
"Libertus:Oh, come on, Crowe. Nyx and I are too close for that. He helps me, I help him. That's the way it's always been.",Libertus," Oh, come on, Crowe. Nyx and I are too close for that. He helps me, I help him. That's the way it's always been.",24
"Nyx:Looks like you got a little help from something else, huh?",Nyx," Looks like you got a little help from something else, huh?",11
Libertus:I need all I can get.,Libertus, I need all I can get.,6
Pelna:For hearth!,Pelna, For hearth!,2
Glaives:(together)And home.,Glaives, (together) And home.,2
"Pelna:So, Nyx the Gatekeeper. How's the new post treating you?",Pelna," So, Nyx the Gatekeeper. How's the new post treating you?",10
"Nyx:Oh, it's amazing. You guys would love it. The gate watch are real sweethearts.",Nyx," Oh, it's amazing. You guys would love it. The gate watch are real sweethearts.",14
"Pelna:Ha-ha-ha. Yeah, right. We all know they hate us outsiders more than anything. So bored they got nothing better to do.",Pelna," Ha-ha-ha. Yeah, right. We all know they hate us outsiders more than anything. So bored they got nothing better to do.",21
"Nyx:Boredom's not so bad. Means there's peace, at least. I'd fight a hundred more wars for Galahdans to know boredom.",Nyx," Boredom's not so bad. Means there's peace, at least. I'd fight a hundred more wars for Galahdans to know boredom.",20
Pelna:Fight all you want. Just don't go dying yet. I still owe you. Alot.,Pelna, Fight all you want. Just don't go dying yet. I still owe you. A lot.,14
Libertus:Where would the Glaive be without its hero?,Libertus, Where would the Glaive be without its hero?,8
"Crowe:Can you not talk like this while we're drinking, please? Besides, we just sent the Niffs running with their tails between their legs, right?",Crowe," Can you not talk like this while we're drinking, please? Besides, we just sent the Niffs running with their tails between their legs, right?",24
"Luche:They weren't running from us. No, they were toying with us.",Luche," They weren't running from us. No, they were toying with us.",11
"Nyx:Stop being such a buzzkill, Luche. We all know what happened.",Nyx," Stop being such a buzzkill, Luche. We all know what happened.",11
"Luche:Well, did you know they sent an envoy to the Citadel after that?",Luche," Well, did you know they sent an envoy to the Citadel after that?",13
Libertus:What for? To offer their surrender?,Libertus, What for? To offer their surrender?,6
Luche:More like demand ours.,Luche, More like demand ours.,4
"Libertus:""Demand?"" My ass!",Libertus," ""Demand?"" My ass!",3
Luche:No? Think about it. The Empire's got Lucis on its last legs. It's the perfect time to make demands.,Luche, No? Think about it. The Empire's got Lucis on its last legs. It's the perfect time to make demands.,19
"Council Member 1:We are losing this war, Your Majesty. Lucis cannot rely on the Kingsglaive alone. Accepting the truce may be our best course of action.",Council Member 1," We are losing this war, Your Majesty. Lucis cannot rely on the Kingsglaive alone. Accepting the truce may be our best course of action.",24
"Council Member 2:You speak of matters beyond the New Wall. We have no need of a truce here, so long as it stands. And, if our position worsens, we still have the Old Wall.",Council Member 2," You speak of matters beyond the New Wall. We have no need of a truce here, so long as it stands. And, if our position worsens, we still have the Old Wall.",32
"Council Member 3:Yes, but this truce will end the fighting altogether. If only we could compromise--",Council Member 3," Yes, but this truce will end the fighting altogether. If only we could compromise--",14
"Clarus:Compromise is unwise. We know nothing of Niflheim's true intentions. Do not fool yourselves, The Walls are far from impenetrable.",Clarus," Compromise is unwise. We know nothing of Niflheim's true intentions. Do not fool yourselves, The Walls are far from impenetrable.",20
"Clarus:Then let the choice be made, Your Majesty. What are we to protect?",Clarus," Then let the choice be made, Your Majesty. What are we to protect?",13
"Girl's Voice:(memory)Help, mother!",Girl's Voice," (memory) Help, mother!",2
"Libertus:How come you never lose your lunch like that? Just doesn't add up. Here's this ancient art, secret of the royal family and all that.",Libertus," How come you never lose your lunch like that? Just doesn't add up. Here's this ancient art, secret of the royal family and all that.",25
"Crowe:Libertus! Nyx! Come here, guys, you gotta see this.",Crowe," Libertus! Nyx! Come here, guys, you gotta see this.",9
"News Anchor:(on TV)Things were hectic in the capital today as the Lucian government announced full acceptance of what some are criticizing as the unilateral peace terms proposed by Chancellor Izunia of Niflheim. The signing of the truce will see governing power over all Lucian territories transferred to the Empire, with the sole exception of Insomnia. In return, Niflheim guarantees the continued safety of Insomnia and its citizenry, as well as a cessation to all hostilities, bringing a decisive end to this long and bitter war.",News Anchor," (on TV) Things were hectic in the capital today as the Lucian government announced full acceptance of what some are criticizing as the unilateral peace terms proposed by Chancellor Izunia of Niflheim. The signing of the truce will see governing power over all Lucian territories transferred to the Empire, with the sole exception of Insomnia. In return, Niflheim guarantees the continued safety of Insomnia and its citizenry, as well as a cessation to all hostilities, bringing a decisive end to this long and bitter war.",84
Crowe:All that fighting we did. All for nothing.,Crowe, All that fighting we did. All for nothing.,8
Captain Drautos:Glaives. Assemble in the briefing room.Now.,Captain Drautos, Glaives. Assemble in the briefing room. Now.,6
"Captain Drautos:The king has spoken, and you have heard. All lands beyond the Wall are to be relinquished to the Empire.",Captain Drautos," The king has spoken, and you have heard. All lands beyond the Wall are to be relinquished to the Empire.",20
Luche:Will no regions be spared?,Luche, Will no regions be spared?,5
"Libertus:But your home's out there, too!",Libertus," But your home's out there, too!",6
Captain Drautos:It is.,Captain Drautos, It is.,2
Libertus:Why would the king do this?,Libertus, Why would the king do this?,6
Captain Drautos:Because it'll end this damn war. Crowe.,Captain Drautos, Because it'll end this damn war. Crowe.,7
Captain Drautos:Prepare to deploy. You're being sent to infiltrate Tenebrae.,Captain Drautos, Prepare to deploy. You're being sent to infiltrate Tenebrae.,9
"Crowe:Tenebrae, sir?",Crowe," Tenebrae, sir?",2
"Captain Drautos:Mission details are classified. Report to my office for briefing in thirty minutes. And, Nyx: you're off the West Gate. You've been reassigned to the castle guard. That is all.",Captain Drautos," Mission details are classified. Report to my office for briefing in thirty minutes. And, Nyx you're off the West Gate. You've been reassigned to the castle guard. That is all.",30
"Libertus:So, this is what you were talking about, Luche?",Libertus," So, this is what you were talking about, Luche?",9
Luche:You heard the captain. This wasn't our decision to make.,Luche, You heard the captain. This wasn't our decision to make.,10
Libertus:Not ours to make? Those are our homes out there! Our people! And you're just gonna go along with this and abandon them?,Libertus, Not ours to make? Those are our homes out there! Our people! And you're just gonna go along with this and abandon them?,23
"Luche:If we don't go along with them, the Empire will unleash all hell on Insomnia.",Luche," If we don't go along with them, the Empire will unleash all hell on Insomnia.",15
Libertus:We'll unleash it right back at them!,Libertus, We'll unleash it right back at them!,7
"Nyx:Easy, easy. He's not the enemy.",Nyx," Easy, easy. He's not the enemy.",6
"Tredd:Don't you get it? We're nothing to them. Rats, snuck in from beyond the Wall. Sure, they had a use for us when they realized we could work their magic. So they handpicked us out from all the other rats out there and just let us nibble away at His Royal Majesty's precious power. But, as soon as this war's all over, it's back to the sewers for all of us. That means you too, hero. You missing home so much, Libertus, why don't you and Nyx head on back? I'm sure Niflheim will welcome you with open arms.",Tredd," Don't you get it? We're nothing to them. Rats, snuck in from beyond the Wall. Sure, they had a use for us when they realized we could work their magic. So they handpicked us out from all the other rats out there and just let us nibble away at His Royal Majesty's precious power. But, as soon as this war's all over, it's back to the sewers for all of us. That means you too, hero. You missing home so much, Libertus, why don't you and Nyx head on back? I'm sure Niflheim will welcome you with open arms.",99
"Nyx:You've got a home out there, too! Or did you forget?",Nyx," You've got a home out there, too! Or did you forget?",11
Libertus:Ugh! Damn it! I'm not gonna let it end like this!,Libertus, Ugh! Damn it! I'm not gonna let it end like this!,11
"Council Member 1:It is said sentiment amongst the people is favorable, Your Majesty. Most all will welcome this peace.",Council Member 1," It is said sentiment amongst the people is favorable, Your Majesty. Most all will welcome this peace.",17
"King Regis:If you yourself have not heard their voices, how can you claim to know their hearts?",King Regis," If you yourself have not heard their voices, how can you claim to know their hearts?",16
"Council Member 2:What of the mission to Tenebrae, Your Majesty? Is such clandestine action wise? If discovered, it will only serve to provoke the Empire.",Council Member 2," What of the mission to Tenebrae, Your Majesty? Is such clandestine action wise? If discovered, it will only serve to provoke the Empire.",23
"Clarus:The Empire remains our enemy until the treaty is signed. So long as we are at war, His Majesty intends to remain one step ahead of them.",Clarus," The Empire remains our enemy until the treaty is signed. So long as we are at war, His Majesty intends to remain one step ahead of them.",27
Council Member 2:Of course.,Council Member 2, Of course.,2
Nyx:A hairpin? I didn't think you were into that kind of thing.,Nyx, A hairpin? I didn't think you were into that kind of thing.,12
"Crowe:It's not for me, it's a gift for the princess. But keep that quiet, nobody's supposed to know.",Crowe," It's not for me, it's a gift for the princess. But keep that quiet, nobody's supposed to know.",18
"Crowe:Well, that's me.",Crowe," Well, that's me.",3
Nyx:Watch your back out there.,Nyx, Watch your back out there.,5
"Libertus:I know you're sick of hearing it, but you're like a little--",Libertus," I know you're sick of hearing it, but you're like a little--",12
"Crowe:(interrupting)Little sister to you. Yeah, I am sick of hearing it.",Crowe," (interrupting) Little sister to you. Yeah, I am sick of hearing it.",11
"Libertus:Just make sure you come back in one piece, all right?",Libertus," Just make sure you come back in one piece, all right?",11
Crowe:Says the guy in two pieces.,Crowe, Says the guy in two pieces.,6
"Maria:Lady Lunafreya, I have left the rear gate open.",Maria," Lady Lunafreya, I have left the rear gate open.",9
Lunafreya:Thank you.,Lunafreya, Thank you.,2
Maria:Must you go?,Maria, Must you go?,3
Maria:Then go quickly!,Maria, Then go quickly!,3
"Ravus:I do not recall granting you permission to leave your quarters, Lunafreya.",Ravus," I do not recall granting you permission to leave your quarters, Lunafreya.",12
Ravus:You are not to leave this room again until the journey to Lucis. It is for your own good.,Ravus, You are not to leave this room again until the journey to Lucis. It is for your own good.,19
Lunafreya:My own good? What is truly going on here? What cause does the Empire have to see me wed to Noctis?,Lunafreya, My own good? What is truly going on here? What cause does the Empire have to see me wed to Noctis?,21
"Ravus:They have offered a peace, and your marriage is the olive branch.",Ravus," They have offered a peace, and your marriage is the olive branch.",12
Lunafreya:You expect me to believe that?,Lunafreya, You expect me to believe that?,6
Ravus:What you believe does not concern me. What does concern me is you sneaking off to go and tell our mother's killer about some plot you've dreamt up.,Ravus, What you believe does not concern me. What does concern me is you sneaking off to go and tell our mother's killer about some plot you've dreamt up.,28
"Lunafreya:You are wrong to hate King Regis. Niflheim killed mother, not him. They murdered her and made you their lapdog.",Lunafreya," You are wrong to hate King Regis. Niflheim killed mother, not him. They murdered her and made you their lapdog.",20
Driver:It's done.,Driver, It's done.,2
"News Anchor:(on TV)An air of jubilation has swept the city in anticipation of the coming armistice. With only three days remaining until the peace is officially signed into effect, throngs of citizens have taken to the streets to show...",News Anchor," (on TV) An air of jubilation has swept the city in anticipation of the coming armistice. With only three days remaining until the peace is officially signed into effect, throngs of citizens have taken to the streets to show...",38
"King Regis:(memory)Lucis needs your strength, young warriors.",King Regis," (memory) Lucis needs your strength, young warriors.",6
Petra:(memory)We don't need any of you immigrants.,Petra, (memory) We don't need any of you immigrants.,7
Captain Drautos:(memory)Whatever strength you have is on loan from the king. You are nothing without him.,Captain Drautos, (memory) Whatever strength you have is on loan from the king. You are nothing without him.,15
"Girl's Voice:(memory)Nyx, help mother!",Girl's Voice," (memory) Nyx, help mother!",3
"Young Nyx:(memory)Selena, get down!",Young Nyx," (memory) Selena, get down!",3
News Anchor:(on TV)...And the waves of Imperial diplomats entering the city.,News Anchor, (on TV) ...And the waves of Imperial diplomats entering the city.,10
King Regis:The princess? Are you certain?,King Regis, The princess? Are you certain?,5
"Messenger:Yes, Your Majesty. She was amongst the last of the Imperial contingent to enter the city.",Messenger," Yes, Your Majesty. She was amongst the last of the Imperial contingent to enter the city.",16
Captain Drautos:Get in.,Captain Drautos, Get in.,2
"Nyx:I'm reporting to my post now though, sir.",Nyx," I'm reporting to my post now though, sir.",8
"Captain Drautos:New orders. Come on, we've got a princess to pick up.",Captain Drautos," New orders. Come on, we've got a princess to pick up.",11
"Nyx:Nice ride, sir.",Nyx," Nice ride, sir.",3
Captain Drautos:It belongs to the prince. We've taken him outside the city.,Captain Drautos, It belongs to the prince. We've taken him outside the city.,11
"Nyx:Doesn't he have a wedding to plan, sir?",Nyx," Doesn't he have a wedding to plan, sir?",8
"Captain Drautos:Cut the ""sir"" crap. The king has a plan of his own. Prince Noctis and Princess Lunafreya are to meet far from Insomnia.",Captain Drautos," Cut the ""sir"" crap. The king has a plan of his own. Prince Noctis and Princess Lunafreya are to meet far from Insomnia.",23
"Nyx:What's she doing here, then?",Nyx," What's she doing here, then?",5
Captain Drautos:Complicating things. We sent Crowe to find the princess and escort her out of Tenebrae. We're still trying to figure out what went wrong.,Captain Drautos, Complicating things. We sent Crowe to find the princess and escort her out of Tenebrae. We're still trying to figure out what went wrong.,24
"Captain Drautos:So, I know what you think about this war, but what do you think about this peace? You happy giving up your home?",Captain Drautos," So, I know what you think about this war, but what do you think about this peace? You happy giving up your home?",23
Nyx:It's the king's decision. I owe him for taking me in. I was lucky. There are people in Galahd who weren't. And they need me.,Nyx, It's the king's decision. I owe him for taking me in. I was lucky. There are people in Galahd who weren't. And they need me.,25
"Captain Drautos:So you're going back? What good will you be without the king's magic? Yeah, always wanting to save somebody. I get it, believe me. But it doesn't win wars.",Captain Drautos," So you're going back? What good will you be without the king's magic? Yeah, always wanting to save somebody. I get it, believe me. But it doesn't win wars.",29
Nyx:It's not just wanting. It's not just me. Libertus is the one you need to worry about. He'll go back if things get worse.,Nyx, It's not just wanting. It's not just me. Libertus is the one you need to worry about. He'll go back if things get worse.,24
Captain Drautos:The worst is yet to come.,Captain Drautos, The worst is yet to come.,6
"Escort:Do you have any idea who you're stopping? Open this gate now, and maybe you'll have a job tomorrow.",Escort," Do you have any idea who you're stopping? Open this gate now, and maybe you'll have a job tomorrow.",19
Petra:King's orders.,Petra, King's orders.,2
"Escort:Are you sure you want to risk a diplomatic issue now, of all times? I am the personal escort of Lady Lunafreya Nox Fleuret, Princess of the former Tenebrae and the Or--",Escort," Are you sure you want to risk a diplomatic issue now, of all times? I am the personal escort of Lady Lunafreya Nox Fleuret, Princess of the former Tenebrae and the Or--",32
"Captain Drautos:(interrupting)And our kingdom's beloved bride-to-be. Welcome to sovereign jurisdiction, Ambassador. We'll take care of things from here.",Captain Drautos," (interrupting) And our kingdom's beloved bride-to-be. Welcome to sovereign jurisdiction, Ambassador. We'll take care of things from here.",17
"Diplomat:Forgive me, Captain Drautos.",Diplomat," Forgive me, Captain Drautos.",4
"Captain Drautos:(crosstalk, to Nyx)See Her Highness to the castle.",Captain Drautos," (crosstalk, to Nyx) See Her Highness to the castle.",8
Diplomat:(crosstalk)I had no idea that you-- I wasn't made aware of any--,Diplomat, (crosstalk) I had no idea that you-- I wasn't made aware of any--,12
Nyx:Excuse me. Thank you.,Nyx, Excuse me. Thank you.,4
"Diplomat:(crosstalk)No, you-- I must-- I must-- no, I have to clear it with my superiors first.",Diplomat," (crosstalk) No, you-- I must-- I must-- no, I have to clear it with my superiors first.",16
Nyx:(to Lunafreya)Your Highness.,Nyx, (to Lunafreya) Your Highness.,3
"Messenger:Her Royal Highness, Princess Lunafreya of Tenebrae.",Messenger," Her Royal Highness, Princess Lunafreya of Tenebrae.",7
"Lunafreya:It has been a long time, Your Majesty.",Lunafreya," It has been a long time, Your Majesty.",8
King Regis:Yes. Far too long.,King Regis, Yes. Far too long.,4
"Lunafreya:Prince Noctis isn't here, is he?",Lunafreya," Prince Noctis isn't here, is he?",6
"King Regis:No, my dear. He is not. I am too old to fight this war. I have no choice but to receive the Empire and accept their treaty. Even so...I had hoped to hold the wedding elsewhere, somewhere safe. I sent one of my Glaive to see you there, but--",King Regis," No, my dear. He is not. I am too old to fight this war. I have no choice but to receive the Empire and accept their treaty. Even so...I had hoped to hold the wedding elsewhere, somewhere safe. I sent one of my Glaive to see you there, but--",49
"King Regis:It is not too late. I can ready an escort. Please, go to my son.",King Regis," It is not too late. I can ready an escort. Please, go to my son.",15
"Lunafreya:No. Wherever I go, the Empire will follow. It would only place the prince in greater danger. It is my duty to protect the prince and see his destiny fulfilled. These twelve years have not changed that.",Lunafreya," No. Wherever I go, the Empire will follow. It would only place the prince in greater danger. It is my duty to protect the prince and see his destiny fulfilled. These twelve years have not changed that.",37
King Regis:And what of your destiny?,King Regis, And what of your destiny?,5
"Lunafreya:My duty is my destiny, Your Majesty. I'm prepared to accept whatever may come to pass.",Lunafreya," My duty is my destiny, Your Majesty. I'm prepared to accept whatever may come to pass.",16
"Man 1:So, what do you think? All these lands will be imperial soon. Reckon things will get better when them Niffs start calling the shots?",Man 1," So, what do you think? All these lands will be imperial soon. Reckon things will get better when them Niffs start calling the shots?",24
"Man 2:Not one damn bit. Don't matter who's calling the shots: as long as they're calling them from behind the Wall, ain't nothing gonna change around here.",Man 2," Not one damn bit. Don't matter who's calling the shots as long as they're calling them from behind the Wall, ain't nothing gonna change around here.",26
Man 2:(off-screen)Get over here!,Man 2, (off-screen) Get over here!,3
Man 2:That's a hand!,Man 2, That's a hand!,3
Captain Drautos:I trust the reunion was a happy one?,Captain Drautos, I trust the reunion was a happy one?,8
Nyx:Has she been a hostage of Niflheim all this time?,Nyx, Has she been a hostage of Niflheim all this time?,10
"Captain Drautos:She's a symbol of the peace, that's all I'm told.",Captain Drautos," She's a symbol of the peace, that's all I'm told.",10
Nyx:Doesn't sound like it. Sounds like she's here for something much bigger than that.,Nyx, Doesn't sound like it. Sounds like she's here for something much bigger than that.,14
Captain Drautos:Your orders are to protect her.,Captain Drautos, Your orders are to protect her.,6
"Captain Drautos:Not to look, not to listen, not to think. Understood?(answering)Drautos. Yes, report.",Captain Drautos," Not to look, not to listen, not to think. Understood? (answering) Drautos. Yes, report.",12
"Libertus:Get the hell out of my way! That's my friend you got in there, damn it!",Libertus," Get the hell out of my way! That's my friend you got in there, damn it!",16
"Medic:Sir, you can't go in until the examination has ended.",Medic," Sir, you can't go in until the examination has ended.",10
Libertus:What examination? What the hell's going on?,Libertus, What examination? What the hell's going on?,7
"Nyx:Hey! Hey, take it easy, big guy.",Nyx," Hey! Hey, take it easy, big guy.",7
Libertus:These bastards rushed Crowe in there the moment she got back. And now they won't let me in to see her.,Libertus, These bastards rushed Crowe in there the moment she got back. And now they won't let me in to see her.,21
Captain Drautos:Crowe's personal effects. Do with them as you see fit.,Captain Drautos, Crowe's personal effects. Do with them as you see fit.,10
"Libertus:So, what kind of mission did you really send her on? No Glaive winds up dead on a standard escort.",Libertus," So, what kind of mission did you really send her on? No Glaive winds up dead on a standard escort.",20
"Captain Drautos:I'll see the armistice does not interfere with a full investigation. She was a good soldier, her death will not go unanswered.",Captain Drautos," I'll see the armistice does not interfere with a full investigation. She was a good soldier, her death will not go unanswered.",22
"Libertus:What a life, huh? She was brought up an orphan. Run out of her village. I still remember the first time I saw her. Scrawny little thing, all covered in dirt. Not a friend in the world. But those eyes...damn. There was something about those eyes. She deserved better. And I would've done anything to give it to--",Libertus," What a life, huh? She was brought up an orphan. Run out of her village. I still remember the first time I saw her. Scrawny little thing, all covered in dirt. Not a friend in the world. But those eyes...damn. There was something about those eyes. She deserved better. And I would've done anything to give it to--",58
"Nyx:Libertus, wait. Crowe died a Glaive. You can still honor her by fighting as one.",Nyx," Libertus, wait. Crowe died a Glaive. You can still honor her by fighting as one.",15
"Libertus:You're dumber than me sometimes, you know that? Don't you get it? Lucis killed Crowe. Go back to the castle! Tell the king there's no peace to be had from throwing the weak to the wolves. I'll fight my own fight from here on out. See you around, hero.",Libertus," You're dumber than me sometimes, you know that? Don't you get it? Lucis killed Crowe. Go back to the castle! Tell the king there's no peace to be had from throwing the weak to the wolves. I'll fight my own fight from here on out. See you around, hero.",49
Nyx:(memory)A hairpin? I didn't think you were into that kind of thing.,Nyx, (memory) A hairpin? I didn't think you were into that kind of thing.,12
Crowe:(memory)It's not for me. It's a gift for the princess.,Crowe, (memory) It's not for me. It's a gift for the princess.,10
"Emperor Aldercapt:A most grand reception, King Regis. You honor all of Niflheim.",Emperor Aldercapt," A most grand reception, King Regis. You honor all of Niflheim.",11
"King Regis:Oh, the honor is ours, Emperor Aldercapt. You have ventured far to grace us with your presence.",King Regis," Oh, the honor is ours, Emperor Aldercapt. You have ventured far to grace us with your presence.",17
Emperor Aldercapt:It was the very least I could do. Tomorrow will be an historic day for both our nations. And your Insomnia is truly a marvel. My own cities pale in comparison. I pray we are able to take away much...from this visit.,Emperor Aldercapt, It was the very least I could do. Tomorrow will be an historic day for both our nations. And your Insomnia is truly a marvel. My own cities pale in comparison. I pray we are able to take away much...from this visit.,42
Lunafreya:Hello. I'm afraid we were never properly introduced yesterday.,Lunafreya, Hello. I'm afraid we were never properly introduced yesterday.,9
"Nyx:I'm afraid it's going to have to wait, Your Highness. I'm on guard duty.",Nyx," I'm afraid it's going to have to wait, Your Highness. I'm on guard duty.",14
Lunafreya:Then surely there's no safer place for me to be. May I ask your name?,Lunafreya, Then surely there's no safer place for me to be. May I ask your name?,15
"Nyx:Uh, Nyx. Nyx Ulric.",Nyx," Uh, Nyx. Nyx Ulric.",4
"Lunafreya:There is something else I wish to ask you, Nyx Ulric. King Regis said he sent one of your order to come find me. I should like to offer my thanks in person. Where might I find this brave soldier?",Lunafreya," There is something else I wish to ask you, Nyx Ulric. King Regis said he sent one of your order to come find me. I should like to offer my thanks in person. Where might I find this brave soldier?",40
"Lunafreya:Oh. Oh, I did not--I am so sorry.",Lunafreya," Oh. Oh, I did not--I am so sorry.",8
Nyx:Don't be.,Nyx, Don't be.,2
Nyx:Here. She was carrying this. It was meant for you.,Nyx, Here. She was carrying this. It was meant for you.,10
Lunafreya:For me?,Lunafreya, For me?,2
Nyx:Keep it. She would've wanted you to have it.,Nyx, Keep it. She would've wanted you to have it.,9
Lunafreya:I will carry it with me always. Thank you.,Lunafreya, I will carry it with me always. Thank you.,9
Pruvia:Do you have any idea what this peace means? It means our homes are gone. All of them. Forever.,Pruvia, Do you have any idea what this peace means? It means our homes are gone. All of them. Forever.,19
Libertus:Heard I could find some treaty haters here. I come to the right place?,Libertus, Heard I could find some treaty haters here. I come to the right place?,14
Pruvia:You certainly have. Everyone say hello to a man who spends his days in the loyal service of our good king.,Pruvia, You certainly have. Everyone say hello to a man who spends his days in the loyal service of our good king.,21
"Libertus:""Spent."" Those days are over. I'm done listening to that bastard's lies. He may sit on a throne, but he ain't no king, least not of mine.",Libertus," ""Spent."" Those days are over. I'm done listening to that bastard's lies. He may sit on a throne, but he ain't no king, least not of mine.",27
"Pruvia:Well, then. Welcome to the resistance, brother. I hope you're here to talk.",Pruvia," Well, then. Welcome to the resistance, brother. I hope you're here to talk.",13
Libertus:What do you wanna know?,Libertus, What do you wanna know?,5
"Lunafreya:Please, wherever Noctis is, keep him safe. That's all I ask.",Lunafreya," Please, wherever Noctis is, keep him safe. That's all I ask.",11
"General Glauca:To what god do you pray? You, the slave of fate and destiny. Abandon your prayers - the gods do not listen.",General Glauca," To what god do you pray? You, the slave of fate and destiny. Abandon your prayers - the gods do not listen.",22
Lunafreya:General Glauca. Why are you here?,Lunafreya, General Glauca. Why are you here?,6
General Glauca:You are far too clever to have ever believed in this peace. Pity you couldn't see your beloved Noctis. You have another purpose.,General Glauca, You are far too clever to have ever believed in this peace. Pity you couldn't see your beloved Noctis. You have another purpose.,23
Lunafreya:I'm not here for Niflheim.,Lunafreya, I'm not here for Niflheim.,5
General Glauca:No. You are here for me.,General Glauca, No. You are here for me.,6
Lunafreya:You? I do not understand.,Lunafreya, You? I do not understand.,5
"General Glauca:Come tomorrow, you will.",General Glauca," Come tomorrow, you will.",4
Man:(over intercom)Niflheim contingent has left the hotel. Less than three hours until the ceremony. Bolster the Citadel guard.,Man, (over intercom) Niflheim contingent has left the hotel. Less than three hours until the ceremony. Bolster the Citadel guard.,18
"Pelna:(over radio)Nyx, is the princess with you?",Pelna," (over radio) Nyx, is the princess with you?",7
"Nyx:No, I'm on duty at the Citadel.",Nyx," No, I'm on duty at the Citadel.",7
"Pelna:(over radio)Well, the Niffs just left for the ceremony, and she wasn't with them.",Pelna," (over radio) Well, the Niffs just left for the ceremony, and she wasn't with them.",14
Pelna:(over radio)A homing beacon?,Pelna, (over radio) A homing beacon?,4
"Nyx:Yeah, I'll send the coordinates now. Can you pinpoint a location for me?",Nyx," Yeah, I'll send the coordinates now. Can you pinpoint a location for me?",13
"Pelna:(over radio)Sure, but it sounds like a wild-goose chase. Guess you got some free time on your hands, huh?",Pelna," (over radio) Sure, but it sounds like a wild-goose chase. Guess you got some free time on your hands, huh?",19
"Nyx:Guess I do, for better or worse.",Nyx," Guess I do, for better or worse.",7
Pelna:(over radio)Those coordinates are about twenty miles south of Insomnia.,Pelna, (over radio) Those coordinates are about twenty miles south of Insomnia.,10
Nyx:Outside the Wall.,Nyx, Outside the Wall.,3
Pelna:(over radio)What the hell was Crowe doing all the way out there?,Pelna, (over radio) What the hell was Crowe doing all the way out there?,12
"Nyx:No, no. They sent her to-- I need another favor, Pelna. Pull those coordinates up on the radar and let me know what you find.",Nyx," No, no. They sent her to-- I need another favor, Pelna. Pull those coordinates up on the radar and let me know what you find.",25
"Pelna:(over radio)On it. You're thinking this is all a big deal now, huh?",Pelna," (over radio) On it. You're thinking this is all a big deal now, huh?",13
"Nyx:Yeah, too big to ignore.",Nyx," Yeah, too big to ignore.",5
"Guard 1:(cross-talk)Whoa, whoa, whoa, whoa! Excuse me, sir. Excuse me!",Guard 1," (cross-talk) Whoa, whoa, whoa, whoa! Excuse me, sir. Excuse me!",9
"Guard 2:(cross-talk)Hey, hey, hey!",Guard 2," (cross-talk) Hey, hey, hey!",3
"Guard 3:(cross-talk)Whoa, wait a minute! Stop right there!",Guard 3," (cross-talk) Whoa, wait a minute! Stop right there!",7
"Petra:Listen up. This is not the gate watch. This is the heart of our city, the home of our king. The ceremony must not be disturbed. Neutralize any threat quickly and quietly. Is that understood?",Petra," Listen up. This is not the gate watch. This is the heart of our city, the home of our king. The ceremony must not be disturbed. Neutralize any threat quickly and quietly. Is that understood?",35
"Crownsguard:(together)Yes, sir!",Crownsguard," (together) Yes, sir!",2
"Nyx:Glaive to command. Are you there, captain? Urgent. Damn it, Drautos!",Nyx," Glaive to command. Are you there, captain? Urgent. Damn it, Drautos!",11
"Pelna:(over radio)Jackpot, Nyx. There's a whole fleet of airships sitting at that spot.",Pelna," (over radio) Jackpot, Nyx. There's a whole fleet of airships sitting at that spot.",13
"Pelna:(over radio)Yup, and, from the looks of it, I'd say they're headed to war.",Pelna," (over radio) Yup, and, from the looks of it, I'd say they're headed to war.",14
Nyx:Where's the captain?,Nyx, Where's the captain?,3
Pelna:(over radio)Should be at the Citadel.,Pelna, (over radio) Should be at the Citadel.,6
Nyx:There's no answer on his frequency.,Nyx, There's no answer on his frequency.,6
"Pelna:(over radio)I don't know, must have his hands full with the escort detail.",Pelna," (over radio) I don't know, must have his hands full with the escort detail.",13
"Nyx:Pelna, one last favor. I need you to prep the Glaive for action.",Nyx," Pelna, one last favor. I need you to prep the Glaive for action.",13
Pelna:(over radio)What- what are you talking about? You wanna deploy without the captain's order?,Pelna, (over radio) What- what are you talking about? You wanna deploy without the captain's order?,14
Nyx:Trust me. Just get it done.,Nyx, Trust me. Just get it done.,6
"Pelna:(over radio)Wait, what am I supposed to tell--?",Pelna," (over radio) Wait, what am I supposed to tell--?",8
"Crownsguard:Stand down, Glaive.",Crownsguard," Stand down, Glaive.",3
Clarus:The ceremony is in less than two hours. We must make ready.,Clarus, The ceremony is in less than two hours. We must make ready.,12
King Regis:Very well.,King Regis, Very well.,2
"Messenger:Your Majesty. A man of the Kingsglaive is here, sire. He demands an audience.",Messenger," Your Majesty. A man of the Kingsglaive is here, sire. He demands an audience.",14
"Nyx:Your Majesty, please.",Nyx," Your Majesty, please.",3
Nyx:Give the order to deploy the Glaive.,Nyx, Give the order to deploy the Glaive.,7
Nyx:A Niflheim fleet makes ready for war twenty miles to the south.,Nyx, A Niflheim fleet makes ready for war twenty miles to the south.,12
Clarus:An imperial fleet.,Clarus, An imperial fleet.,3
Nyx:And they have the princess.,Nyx, And they have the princess.,5
"King Regis:Clarus, post guards outside the treaty room.",King Regis," Clarus, post guards outside the treaty room.",7
Clarus:It will be seen as a lack of faith in the peace.,Clarus, It will be seen as a lack of faith in the peace.,12
King Regis:Which we all harbor. See it done. We may well have to take Emperor Aldercapt into custody.,King Regis, Which we all harbor. See it done. We may well have to take Emperor Aldercapt into custody.,17
Clarus:Detain him? That would go beyond a new declaration of war.,Clarus, Detain him? That would go beyond a new declaration of war.,11
"King Regis:We are still at war, Clarus. And you, Nyx Ulric. How soon can the Kingsglaive deploy?",King Regis," We are still at war, Clarus. And you, Nyx Ulric. How soon can the Kingsglaive deploy?",16
"Nyx:On your word, at once.",Nyx," On your word, at once.",5
"King Regis:Go, then! Save Luna.",King Regis," Go, then! Save Luna.",4
Glaive:What if this is a diversion?,Glaive, What if this is a diversion?,6
"Nyx:Not likely. Tenebrae's princess is on board. We've got two jobs: save her, and stop those Niff ships from flying on Insomnia.",Nyx," Not likely. Tenebrae's princess is on board. We've got two jobs save her, and stop those Niff ships from flying on Insomnia.",22
"Luche:We go in teams. Standard infiltrate and extract. Nyx, you command. We'll follow. The Glaive stands together, captain or no. For hearth.",Luche," We go in teams. Standard infiltrate and extract. Nyx, you command. We'll follow. The Glaive stands together, captain or no. For hearth.",22
Kingsglaive:(together)And home!,Kingsglaive, (together) And home!,2
News Anchor:(on TV)We are less than twenty minutes away from the signing of this historic treaty.,News Anchor, (on TV) We are less than twenty minutes away from the signing of this historic treaty.,15
"Captain Drautos:(over radio)I received word of the king's order to deploy. I'll see to matters in the city. You have your mission, and it won't be easy. The objective is two-fold: secure the hostage, and stay the enemy advance. Just be careful. One Glaive already died for this princess. Niflheim won't give her up easily.",Captain Drautos," (over radio) I received word of the king's order to deploy. I'll see to matters in the city. You have your mission, and it won't be easy. The objective is two-fold secure the hostage, and stay the enemy advance. Just be careful. One Glaive already died for this princess. Niflheim won't give her up easily.",54
Nyx:(over radio)Team two.,Nyx, (over radio) Team two.,3
"Pelna:(over radio)Oh, man. Hurry up, Nyx!",Pelna," (over radio) Oh, man. Hurry up, Nyx!",6
Pelna:Over here!,Pelna, Over here!,2
Nyx:(into earpiece)Preparing to head below deck.,Nyx, (into earpiece) Preparing to head below deck.,6
Captain Drautos:(over radio)Do not engage the enemy until instructed. The ceremony is underway. Let's wait and see how Niflheim plays this.,Captain Drautos, (over radio) Do not engage the enemy until instructed. The ceremony is underway. Let's wait and see how Niflheim plays this.,20
"Man:The Kingsglaive have infiltrated the ships, so everything's going according to plan.",Man," The Kingsglaive have infiltrated the ships, so everything's going according to plan.",12
Nyx:Ulric reporting. Six Niflheim airships confirmed inbound for Insomnia.,Nyx, Ulric reporting. Six Niflheim airships confirmed inbound for Insomnia.,9
"Pelna:(into earpiece)Nyx, this doesn't feel like a war fleet.",Pelna," (into earpiece) Nyx, this doesn't feel like a war fleet.",9
Pelna:(into earpiece)I think I might've found her. I got a guarded door here. Two Niff MTs. What's the plan?,Pelna, (into earpiece) I think I might've found her. I got a guarded door here. Two Niff MTs. What's the plan?,19
Nyx:(into earpiece)Hold position.(to Drautos)Arrived at destination. High possibility of target in the vicinity.,Nyx, (into earpiece) Hold position. (to Drautos) Arrived at destination. High possibility of target in the vicinity.,13
Captain Drautos:(over radio)Proceed to secure.,Captain Drautos, (over radio) Proceed to secure.,4
Nyx:(into earpiece)It's going to mean a fight.,Nyx, (into earpiece) It's going to mean a fight.,7
Captain Drautos:(over radio)Keep it quiet and keep it confined.,Captain Drautos, (over radio) Keep it quiet and keep it confined.,8
"Nyx:(into earpiece)Pelna, you're clear to engage, but keep it quiet. I'm on my way.",Nyx," (into earpiece) Pelna, you're clear to engage, but keep it quiet. I'm on my way.",14
King Regis:Forgive my delay. A bit of unforeseen trouble.,King Regis, Forgive my delay. A bit of unforeseen trouble.,8
"Emperor Aldercapt:Nothing too vexing, I hope.",Emperor Aldercapt," Nothing too vexing, I hope.",5
"King Regis:A simple theft, nothing more.",King Regis," A simple theft, nothing more.",5
"Emperor Aldercapt:A daring thief, to steal from the king. Perhaps magical walls and castle gates do not keep all things safe.",Emperor Aldercapt," A daring thief, to steal from the king. Perhaps magical walls and castle gates do not keep all things safe.",20
King Regis:Perhaps. But no matter. That which was taken will soon be returned.,King Regis, Perhaps. But no matter. That which was taken will soon be returned.,12
Emperor Aldercapt:Impressive. You are a paragon of kingly composure. But I must ask: how can you be so sure?,Emperor Aldercapt, Impressive. You are a paragon of kingly composure. But I must ask how can you be so sure?,18
King Regis:Because this thing is no mere trinket. It possesses a will all its own. Enough to break any thief's grasp.,King Regis, Because this thing is no mere trinket. It possesses a will all its own. Enough to break any thief's grasp.,20
Emperor Aldercapt:Hm. That sounds a very fine prize indeed...,Emperor Aldercapt, Hm. That sounds a very fine prize indeed...,8
"Pelna:Not now, damn it.",Pelna," Not now, damn it.",4
"Pelna:For me? Aw, you shouldn't have.(into earpiece)Target confirmed. She's unharmed.",Pelna," For me? Aw, you shouldn't have. (into earpiece) Target confirmed. She's unharmed.",10
"Clarus:The Glaives have recovered the princess, Your Majesty.",Clarus," The Glaives have recovered the princess, Your Majesty.",8
Emperor Aldercapt:Have you found your thief?,Emperor Aldercapt, Have you found your thief?,5
King Regis:We have. And what was stolen remains intact.,King Regis, We have. And what was stolen remains intact.,8
Emperor Aldercapt:Joyous news. I am relieved to hear it.,Emperor Aldercapt, Joyous news. I am relieved to hear it.,8
"King Regis:Tell me, how heavy a sentence does the crime of theft carry in your Empire?",King Regis," Tell me, how heavy a sentence does the crime of theft carry in your Empire?",15
Emperor Aldercapt:Among the heaviest. Although there is one exception.,Emperor Aldercapt, Among the heaviest. Although there is one exception.,8
Luche:Things are about to get ugly over here.,Luche, Things are about to get ugly over here.,8
"Nyx:Pelna, get out of there! It's a trap!",Nyx," Pelna, get out of there! It's a trap!",8
King Regis:What is that?,King Regis, What is that?,3
Emperor Aldercapt:A curious old law I still permit in the outlands: a thief who escapes his captor can no longer be held to account for his crime.,Emperor Aldercapt, A curious old law I still permit in the outlands a thief who escapes his captor can no longer be held to account for his crime.,26
"King Regis:A warning to the victim? ""Never show weakness, lest you forgo the hand of justice.""",King Regis," A warning to the victim? ""Never show weakness, lest you forgo the hand of justice.""",15
"Emperor Aldercapt:Oh, no, good king. Far from it.",Emperor Aldercapt," Oh, no, good king. Far from it.",7
News Anchor:(on TV)The treaty is now on the table. The countdown begins to this historical moment.,News Anchor, (on TV) The treaty is now on the table. The countdown begins to this historical moment.,15
Emperor Aldercapt:It is a warning to the hand of justice itself never to loose its grip.,Emperor Aldercapt, It is a warning to the hand of justice itself never to loose its grip.,15
"Petra:Unit one, secure the perimeter. Unit two, stand your ground!",Petra," Unit one, secure the perimeter. Unit two, stand your ground!",10
"Pelna:One Tenebrae princess, safe and--",Pelna," One Tenebrae princess, safe and--",5
Nyx:Come on!,Nyx, Come on!,2
Petra: The Crystal! They're after the Crystal!,Petra,The Crystal! They're after the Crystal!,7
Glaive:There's something going on below deck. The ship's not going to make it to Insom--,Glaive, There's something going on below deck. The ship's not going to make it to Insom--,15
Nyx:What's going on?,Nyx, What's going on?,3
Captain Drautos:(over radio)Insomnia is under attack.,Captain Drautos, (over radio) Insomnia is under attack.,5
Nyx:Who brought you here?,Nyx, Who brought you here?,4
Lunafreya:General Glauca.,Lunafreya, General Glauca.,2
Nyx:You were bait. Us coming here was all part of their plan.,Nyx, You were bait. Us coming here was all part of their plan.,12
Nyx:Target secured. Request permission to withdraw.,Nyx, Target secured. Request permission to withdraw.,6
Captain Drautos:(over radio)Granted. Get to--,Captain Drautos, (over radio) Granted. Get to--,4
King Regis:The Crystal will not serve you.,King Regis, The Crystal will not serve you.,6
Emperor Aldercapt:Nor you once I take it from this accursed city.,Emperor Aldercapt, Nor you once I take it from this accursed city.,10
Ravus:(to himself)It's not the Crystal I'm here for.,Ravus, (to himself) It's not the Crystal I'm here for.,8
Lunafreya:The Wall. It's gone.,Lunafreya, The Wall. It's gone.,4
"Nyx:Fall back, it's a trap!",Nyx," Fall back, it's a trap!",5
Nyx:What the hell is going on?,Nyx, What the hell is going on?,6
Glaive 2:What's got into you?,Glaive 2, What's got into you?,4
"Clarus:Come, we must escape while we can.",Clarus," Come, we must escape while we can.",7
"King Regis:No, Clarus. I fear escape is no longer an option.",King Regis," No, Clarus. I fear escape is no longer an option.",10
King Regis:General Glauca.,King Regis, General Glauca.,2
Nyx:Can you make it up? Can you stand?,Nyx, Can you make it up? Can you stand?,8
Nyx:What are you doing? You gotta be kidding me.,Nyx, What are you doing? You gotta be kidding me.,9
Nyx:They teach piloting back at the royal academy? Give me that.,Nyx, They teach piloting back at the royal academy? Give me that.,11
"Clarus:It's been a long time since I fought at your side, old friend.",Clarus," It's been a long time since I fought at your side, old friend.",13
"King Regis:Yes, but this time it is not your fight. If you wish to leave, go now.",King Regis," Yes, but this time it is not your fight. If you wish to leave, go now.",16
"Clarus:And abandon my king? I think not. Besides, our magic is bound to you. If you fall, Lucis falls.",Clarus," And abandon my king? I think not. Besides, our magic is bound to you. If you fall, Lucis falls.",19
"King Regis:Then let us once more into the fray, old friend.",King Regis," Then let us once more into the fray, old friend.",10
Lunafreya:You must take me back to King Regis.,Lunafreya, You must take me back to King Regis.,8
Nyx:Are you out of your mind? Insomnia's a war zone.,Nyx, Are you out of your mind? Insomnia's a war zone.,10
Lunafreya:I have a duty. I cannot neglect it.,Lunafreya, I have a duty. I cannot neglect it.,8
"Nyx:Yeah, I heard all that before.",Nyx," Yeah, I heard all that before.",6
Lunafreya:Then you know we must hurry.,Lunafreya, Then you know we must hurry.,6
Nyx:Hurry to do what? Get yourself killed?,Nyx, Hurry to do what? Get yourself killed?,7
Lunafreya:I do not fear death.,Lunafreya, I do not fear death.,5
"Nyx:Oh, enough with all this brave princess act! Just pray this thing will make the trip.",Nyx," Oh, enough with all this brave princess act! Just pray this thing will make the trip.",16
"Chancellor Izunia:Well, I daresay everything has proceeded according to plan. No?",Chancellor Izunia," Well, I daresay everything has proceeded according to plan. No?",10
Emperor Aldercapt:So it has. We have broken the Wall. All that remains is to break the city.,Emperor Aldercapt, So it has. We have broken the Wall. All that remains is to break the city.,16
"Chancellor Izunia:Shall we take our leave, then? The sun will soon set. We need not be here to witness the terrors of the night.",Chancellor Izunia," Shall we take our leave, then? The sun will soon set. We need not be here to witness the terrors of the night.",23
Lunafreya:The Crystal.(to Nyx)You're going too fast. We have to land.,Lunafreya, The Crystal. (to Nyx) You're going too fast. We have to land.,10
"Nyx:Yeah, you're gonna have to give me a minute on that.",Nyx," Yeah, you're gonna have to give me a minute on that.",11
Lunafreya:There is no time. I will go on my own.,Lunafreya, There is no time. I will go on my own.,10
Nyx:What? You got wings underneath that dress? You can't use magic.,Nyx, What? You got wings underneath that dress? You can't use magic.,11
Lunafreya:Not all miracles are made by magic. I do not fear death. What I fear is doing nothing and losing everything.,Lunafreya, Not all miracles are made by magic. I do not fear death. What I fear is doing nothing and losing everything.,21
"Nyx:Oh, come on!",Nyx," Oh, come on!",3
"Nyx:You can thank magic for that miracle, Your Highness.",Nyx," You can thank magic for that miracle, Your Highness.",9
Pruvia:The reckoning is at hand. Dawn of a new age.,Pruvia, The reckoning is at hand. Dawn of a new age.,10
King Regis:You have the Crystal. What more would you take from me?,King Regis, You have the Crystal. What more would you take from me?,11
"Ravus:The Ring of the Lucii. I lost my mother, my country, my birthright. Niflheim was the only life left to me. But all of that was for this. The Ring belongs to me now.",Ravus," The Ring of the Lucii. I lost my mother, my country, my birthright. Niflheim was the only life left to me. But all of that was for this. The Ring belongs to me now.",34
"Ravus:Hear me, Lucian kings of old, for I am Ravus Nox Fleuret, and none is more worthy of your power than I!",Ravus," Hear me, Lucian kings of old, for I am Ravus Nox Fleuret, and none is more worthy of your power than I!",22
Lunafreya:Look out!,Lunafreya, Look out!,2
"King Regis:Quickly, through here.",King Regis," Quickly, through here.",3
Lunafreya:Your Majesty.,Lunafreya, Your Majesty.,2
Nyx:You knew this was coming--,Nyx, You knew this was coming--,5
Lunafreya:Yes. But it was the only way to draw their wrath from Noctis.,Lunafreya, Yes. But it was the only way to draw their wrath from Noctis.,13
Nyx:Is that the way of our king? Sacrifice Lucian sons to save his own?,Nyx, Is that the way of our king? Sacrifice Lucian sons to save his own?,14
Lunafreya:To save the world.,Lunafreya, To save the world.,4
"King Regis:See Luna safely to Altissia. This is not an order from a king to his Glaive. This is a plea from one man to another. Please, Nyx Ulric, keep her safe. For the future of all.",King Regis," See Luna safely to Altissia. This is not an order from a king to his Glaive. This is a plea from one man to another. Please, Nyx Ulric, keep her safe. For the future of all.",36
Nyx:The future?,Nyx, The future?,2
"King Regis:Here, take this. It is time it passed to another's keeping.",King Regis," Here, take this. It is time it passed to another's keeping.",11
"Lunafreya:No, please. Stop!",Lunafreya," No, please. Stop!",3
Nyx:Get back!,Nyx, Get back!,2
"Lunafreya:Please, don't leave us!",Lunafreya," Please, don't leave us!",4
King Regis:I know your mother would wish the same as me. That you and Noctis live happily. All those years captive because I failed you. Not again. Locked doors will seal your fate no longer.,King Regis, I know your mother would wish the same as me. That you and Noctis live happily. All those years captive because I failed you. Not again. Locked doors will seal your fate no longer.,34
Lunafreya:King Regis...,Lunafreya, King Regis...,2
"King Regis:Our hope goes with you now, Nyx Ulric. Godspeed.",King Regis," Our hope goes with you now, Nyx Ulric. Godspeed.",9
"General Glauca:Behold, the king of Lucis, who hoarded tranquility within his precious Walls. Where is your tranquility now, king? Here is your peace, by steel's swift descent.",General Glauca," Behold, the king of Lucis, who hoarded tranquility within his precious Walls. Where is your tranquility now, king? Here is your peace, by steel's swift descent.",26
Lunafreya:No! We must get away from here. It is what your king wanted.,Lunafreya, No! We must get away from here. It is what your king wanted.,13
"General Glauca:(over radio, as narration)Lady Lunafreya has escaped with the Ring. Find her at once. She is not to leave the city.",General Glauca," (over radio, as narration) Lady Lunafreya has escaped with the Ring. Find her at once. She is not to leave the city.",21
"Nyx:(into earpiece)Ulric to command. Come in, captain.",Nyx," (into earpiece) Ulric to command. Come in, captain.",7
"News Anchor:(on TV)Footage of the perpetrators was captured by a nearby surveillance camera. Here are images of the six suspects. One has been identified as Galahdian refugee, Libertus Ostium, a former member of the Lucian Kingsglaive.",News Anchor," (on TV) Footage of the perpetrators was captured by a nearby surveillance camera. Here are images of the six suspects. One has been identified as Galahdian refugee, Libertus Ostium, a former member of the Lucian Kingsglaive.",35
"Libertus:Hey, come here. Come here. I got you, I got you. You're all right. You're okay.",Libertus," Hey, come here. Come here. I got you, I got you. You're all right. You're okay.",16
Pruvia:It's fine. We're free. We're free now.,Pruvia, It's fine. We're free. We're free now.,7
"Libertus:We're free? What do you mean, ""we're free?""",Libertus," We're free? What do you mean, ""we're free?""",8
Pruvia:The Empire. They promised. This district is ours. All the refugees. It's our new home.,Pruvia, The Empire. They promised. This district is ours. All the refugees. It's our new home.,15
Libertus:The Empire? You went in with Niflheim?,Libertus, The Empire? You went in with Niflheim?,7
"Pruvia:Here. Take this. Meet up with the others. You're the hero of our revolution, brother.",Pruvia," Here. Take this. Meet up with the others. You're the hero of our revolution, brother.",15
Nyx:Damn it!,Nyx, Damn it!,2
Tredd:This guy just doesn't know when he's beat.,Tredd, This guy just doesn't know when he's beat.,8
Nyx:Can you drive?,Nyx, Can you drive?,3
Nyx:I'll be right back!,Nyx, I'll be right back!,4
"Tredd:No warping for you this time, hero.",Tredd," No warping for you this time, hero.",7
Nyx:Give me the wheel. Go!,Nyx, Give me the wheel. Go!,5
Lunafreya:You are without your magic.,Lunafreya, You are without your magic.,5
"Nyx:You noticed that, huh? It must have died with the king.",Nyx," You noticed that, huh? It must have died with the king.",11
"Petra:(over intercom)You're making a mess of my city, Glaive. I thought I told you not to go playing hero. Leave the ship to me. Looks like you got a royal fare to see to.",Petra," (over intercom) You're making a mess of my city, Glaive. I thought I told you not to go playing hero. Leave the ship to me. Looks like you got a royal fare to see to.",34
Nyx:Move it!,Nyx, Move it!,2
Nyx:Maybe not all miracles are made by magic.,Nyx, Maybe not all miracles are made by magic.,8
"Nyx:Oh, great.",Nyx," Oh, great.",2
Nyx:What the hell did you do to piss these things off?,Nyx, What the hell did you do to piss these things off?,11
Lunafreya:It's not me they're after. It's the Ring.,Lunafreya, It's not me they're after. It's the Ring.,8
Nyx:What's so special about this Ring? Don't tell me the future's really riding on it.,Nyx, What's so special about this Ring? Don't tell me the future's really riding on it.,15
Lunafreya:He who wears the Ring communes with the Lucii and commands great power.,Lunafreya, He who wears the Ring communes with the Lucii and commands great power.,13
Nyx:What kind of power?,Nyx, What kind of power?,4
Lunafreya:A forbidden one. Sealed within the Ring long ago.,Lunafreya, A forbidden one. Sealed within the Ring long ago.,9
Nyx:The Old Wall. I thought that was just a bedtime story.,Nyx, The Old Wall. I thought that was just a bedtime story.,11
Lunafreya:I can assure you it is not. But the Lucii grant their power only to those they deem worthy.,Lunafreya, I can assure you it is not. But the Lucii grant their power only to those they deem worthy.,19
"Nyx:So, that guy who tried it on back there, I guess he wasn't deemed worthy.",Nyx," So, that guy who tried it on back there, I guess he wasn't deemed worthy.",15
Lunafreya:That was my brother. These twelve years have changed Ravus. He is bound by the past and lost in his lust for power.,Lunafreya, That was my brother. These twelve years have changed Ravus. He is bound by the past and lost in his lust for power.,23
Nyx:How the hell did they find us?,Nyx, How the hell did they find us?,7
"Nyx:Your hairpin, they're tracking it. Give it to me.",Nyx," Your hairpin, they're tracking it. Give it to me.",9
Nyx:I had a little sister once. She was killed when the Empire came. I couldn't save her. I was as helpless then as I am now. I couldn't show her the future she wanted.,Nyx, I had a little sister once. She was killed when the Empire came. I couldn't save her. I was as helpless then as I am now. I couldn't show her the future she wanted.,34
Lunafreya:True power is not something that is found by those who seek it. It is something that comes to those who deserve it. Your sister wanted you to see a future as well. Anyone would wish the same for family they love.,Lunafreya, True power is not something that is found by those who seek it. It is something that comes to those who deserve it. Your sister wanted you to see a future as well. Anyone would wish the same for family they love.,42
"Nyx:You don't pull any punches, do you?",Nyx," You don't pull any punches, do you?",7
Nyx:I'm over here!,Nyx, I'm over here!,3
"Captain Drautos:(over radio)Do you hear me? Repeat, this is Drautos. Can you hear me? Over.",Captain Drautos," (over radio) Do you hear me? Repeat, this is Drautos. Can you hear me? Over.",14
"Nyx:Your timing's impeccable, captain. If the Lucii are real, they sure don't seem to mind their city getting torn apart.",Nyx," Your timing's impeccable, captain. If the Lucii are real, they sure don't seem to mind their city getting torn apart.",20
Captain Drautos:(over radio)You're to rendezvous and regroup. Understood?,Captain Drautos, (over radio) You're to rendezvous and regroup. Understood?,7
"Nyx:That might not be so easy, captain. My wings have been clipped, in case you didn't know.",Nyx," That might not be so easy, captain. My wings have been clipped, in case you didn't know.",17
Captain Drautos:(over radio)Ulric. Are you all right?,Captain Drautos, (over radio) Ulric. Are you all right?,6
"Nyx:I'm not dead, if that's what you mean, sir.",Nyx," I'm not dead, if that's what you mean, sir.",9
Captain Drautos:(over radio)Head for Section D as soon as you can. I'll have an evacuation team ready.,Captain Drautos, (over radio) Head for Section D as soon as you can. I'll have an evacuation team ready.,16
Nyx:Don't suppose you could meet me at the gate. I'd kind of like to get the hell out of this city.,Nyx, Don't suppose you could meet me at the gate. I'd kind of like to get the hell out of this city.,21
"Captain Drautos:(over radio)Imperials hold all exits, there's no way through. I'll meet you at Section D. Cut all radio contact until then. And make sure you get there.",Captain Drautos," (over radio) Imperials hold all exits, there's no way through. I'll meet you at Section D. Cut all radio contact until then. And make sure you get there.",27
"Nyx:It's a date, sir.",Nyx," It's a date, sir.",4
Libertus:Ain't no turning back now.,Libertus, Ain't no turning back now.,5
Man 1:(over radio)Status report.,Man 1, (over radio) Status report.,3
Man 2:(over radio)Ulric killed some good men.,Man 2, (over radio) Ulric killed some good men.,6
Man 1:(over radio)What about the Ring?,Man 1, (over radio) What about the Ring?,5
Man 2:(over radio)We don't have it yet.,Man 2, (over radio) We don't have it yet.,6
General Glauca:(over radio)This is Glauca. King Regis is dead. The Ring is on its way to Section D. We must recover the Ring to realize our goal.,General Glauca, (over radio) This is Glauca. King Regis is dead. The Ring is on its way to Section D. We must recover the Ring to realize our goal.,26
"General Glauca:(over radio)If Ulric or the princess get in the way, take them out. Reclaim our hearth and home.",General Glauca," (over radio) If Ulric or the princess get in the way, take them out. Reclaim our hearth and home.",18
"Libertus:""Hearth and home?""",Libertus," ""Hearth and home?""",3
"Man 3:(over walkie-talkie frequency)Libertus, come in. Where are you? Are you all right?",Man 3," (over walkie-talkie frequency) Libertus, come in. Where are you? Are you all right?",12
Libertus:I'm fine. On the way back to base now.,Libertus, I'm fine. On the way back to base now.,9
"Man 3:(over radio)We need you to head to the junction in Section D. We're gonna join up with another unit and make a clean sweep of the place. We're one step away from realizing this revolution. Let's not let Pruvia's death be in vain. We'll be waiting for you, hero.",Man 3," (over radio) We need you to head to the junction in Section D. We're gonna join up with another unit and make a clean sweep of the place. We're one step away from realizing this revolution. Let's not let Pruvia's death be in vain. We'll be waiting for you, hero.",49
"Nyx:Don't move until I say it's safe, all right?",Nyx," Don't move until I say it's safe, all right?",9
Lunafreya:I won't.,Lunafreya, I won't.,2
"Nyx:Ulric, reporting! I have the princess! She's alive and well!",Nyx," Ulric, reporting! I have the princess! She's alive and well!",10
Nyx:Get out of here!,Nyx, Get out of here!,4
"Luche:You've got some fight in you, Nyx, I'll give you that.",Luche," You've got some fight in you, Nyx, I'll give you that.",11
Nyx:Run! Now!,Nyx, Run! Now!,2
Luche:I can't believe you're still moving with that hollow point in you. All Crowe could do was scream when one tore her insides apart.,Luche, I can't believe you're still moving with that hollow point in you. All Crowe could do was scream when one tore her insides apart.,24
Nyx:Why'd you do it?,Nyx, Why'd you do it?,4
Luche:Because the Kingsglaive is nothing! An old man's battle fodder sent to die in Insomnia's war while our homes are bound and shackled.,Luche, Because the Kingsglaive is nothing! An old man's battle fodder sent to die in Insomnia's war while our homes are bound and shackled.,23
Nyx:Niflheim took your home. Took all our homes! Nothing will ever change that.,Nyx, Niflheim took your home. Took all our homes! Nothing will ever change that.,13
Luche:You never were too smart. You could've had a new future with the Empire.,Luche, You never were too smart. You could've had a new future with the Empire.,14
"Luche:There's nowhere to run, princess. The Ring, give it to me.",Luche," There's nowhere to run, princess. The Ring, give it to me.",11
Luche:So many dead over so simple a thing. But why? For what?,Luche, So many dead over so simple a thing. But why? For what?,12
"Lunafreya:Power. Untold power, beyond the control of someone like you.",Lunafreya," Power. Untold power, beyond the control of someone like you.",10
Nyx:Captain.,Nyx, Captain.,1
"Drautos/Glauca:It's over. The daemons are unleashed, Lucis is fallen. Surrender the Ring.",Drautos/Glauca," It's over. The daemons are unleashed, Lucis is fallen. Surrender the Ring.",12
"Nyx:Plan on giving those kings a piece of your mind, princess? You got a destiny to take care of here, remember? Besides, didn't anyone tell you? I'm the hero around here.",Nyx," Plan on giving those kings a piece of your mind, princess? You got a destiny to take care of here, remember? Besides, didn't anyone tell you? I'm the hero around here.",31
"Nyx:Show yourselves, kings of Lucis!",Nyx," Show yourselves, kings of Lucis!",5
"Nyx:How long will you do nothing whilst Insomnia burns? Old or New, or whatever it is. Summon your Wall!",Nyx," How long will you do nothing whilst Insomnia burns? Old or New, or whatever it is. Summon your Wall!",19
"The Mystic:It does not fall to us to guard your city. Man is a fool creature, clinging to his past and cowering from his future. Wasting his strength on bygone days.",The Mystic," It does not fall to us to guard your city. Man is a fool creature, clinging to his past and cowering from his future. Wasting his strength on bygone days.",30
Nyx:And what future are you wards of?,Nyx, And what future are you wards of?,7
Oracle King:So short-sighted and cursed never to rise above it.,Oracle King, So short-sighted and cursed never to rise above it.,9
"King Regis:Wait. I have seen what this brave soul is prepared to do. He, too, seeks to safeguard the future.",King Regis," Wait. I have seen what this brave soul is prepared to do. He, too, seeks to safeguard the future.",19
Nyx:Your Majesty...,Nyx, Your Majesty...,2
"The Mystic:Very well, young king. We will weigh your warrior's worth. But our boon does not come cheap. The cost is a life.",The Mystic," Very well, young king. We will weigh your warrior's worth. But our boon does not come cheap. The cost is a life.",22
The Mystic: His...or hers.,The Mystic,His...or hers.,3
Nyx:No. To hell with your power! I'm not here for it. I only came to tell you: you are no kings!,Nyx, No. To hell with your power! I'm not here for it. I only came to tell you you are no kings!,21
The Mystic:Your worth has been weighed and found wanting. Now burn!,The Mystic, Your worth has been weighed and found wanting. Now burn!,10
Nyx:You're going to lose your precious Ring! But it's not too late to save it.,Nyx, You're going to lose your precious Ring! But it's not too late to save it.,15
The Oracle:You mean to barter for your life?,The Oracle, You mean to barter for your life?,7
"Nyx:No, no. My life is nothing. Giving a future to those who want to see it...is everything.",Nyx," No, no. My life is nothing. Giving a future to those who want to see it...is everything.",17
"The Oracle:Hmm. You do not fear, even if that future is doomed.",The Oracle," Hmm. You do not fear, even if that future is doomed.",11
The Mystic:And the price for it will be your life.,The Mystic, And the price for it will be your life.,9
Nyx:You guys drive a hard bargain. Where do I sign?,Nyx, You guys drive a hard bargain. Where do I sign?,10
Nyx:I could get used to this.,Nyx, I could get used to this.,6
Libertus:Nyx...I'm sorry.,Libertus, Nyx...I'm sorry.,2
"Nyx:Don't be. You saved me, now I owe you.",Nyx," Don't be. You saved me, now I owe you.",9
Libertus:For a change.,Libertus, For a change.,3
"Nyx:I'm gonna need another favor. Meet Lunafreya Nox Fleuret, our prince's beloved bride-to-be. She has the future of the world in her hands. Keep her safe, get her out of Insomnia. Oh, I almost forgot. You'll need this.",Nyx," I'm gonna need another favor. Meet Lunafreya Nox Fleuret, our prince's beloved bride-to-be. She has the future of the world in her hands. Keep her safe, get her out of Insomnia. Oh, I almost forgot. You'll need this.",38
"Nyx:Give Prince Noctis my regards. Libertus will take care of you from here. Have a safe journey, Your Highness.",Nyx," Give Prince Noctis my regards. Libertus will take care of you from here. Have a safe journey, Your Highness.",19
Lunafreya:What will come of you?,Lunafreya, What will come of you?,5
Libertus:What the hell are you doing?,Libertus, What the hell are you doing?,6
Nyx:Following the kings's orders.,Nyx, Following the kings's orders.,4
"Lunafreya:I will see the Ring to Noctis. The future will be safe, I swear it.",Lunafreya," I will see the Ring to Noctis. The future will be safe, I swear it.",15
Nyx:Planning on punching your way out of the city? Keep it. Now we're even.,Nyx, Planning on punching your way out of the city? Keep it. Now we're even.,14
Libertus:No. We'll settle up once you're back in Galahd. Me and everyone else will be waiting for you. I'm counting on you...hero.,Libertus, No. We'll settle up once you're back in Galahd. Me and everyone else will be waiting for you. I'm counting on you...hero.,22
"Libertus:Buckle up, princess.",Libertus," Buckle up, princess.",3
Lunafreya:My life is in your hands.,Lunafreya, My life is in your hands.,6
"Drautos/Glauca:So, the power of the Lucii returns. No matter. You are out of time.",Drautos/Glauca," So, the power of the Lucii returns. No matter. You are out of time.",14
"Nyx:For you, I'll make some.",Nyx," For you, I'll make some.",5
Drautos/Glauca:What can you hope to do? One man against an empire. Against the daemons. How will you save Insomnia with no Wall to protect you?,Drautos/Glauca, What can you hope to do? One man against an empire. Against the daemons. How will you save Insomnia with no Wall to protect you?,25
Nyx:You've got it all wrong. I'm not fighting to save Insomnia.,Nyx, You've got it all wrong. I'm not fighting to save Insomnia.,11
Chancellor Izunia:So this is the might of the Old Wall. Marvelous. Truly marvelous.,Chancellor Izunia, So this is the might of the Old Wall. Marvelous. Truly marvelous.,12
Nyx:Why'd you do it?,Nyx, Why'd you do it?,4
"Drautos/Glauca:Lucis. Niflheim. It isn'twhowe fight for that matters, only what. We fight for our homes. That is where our allegiance lies.",Drautos/Glauca," Lucis. Niflheim. It isn't who we fight for that matters, only what. We fight for our homes. That is where our allegiance lies.",21
Libertus:That's not something you see every day.,Libertus, That's not something you see every day.,7
"Chancellor Izunia:Oh, such a pitiable waste. All those beautiful city streets, all laid to unsightly ruin.",Chancellor Izunia," Oh, such a pitiable waste. All those beautiful city streets, all laid to unsightly ruin.",15
Emperor Aldercapt:I will return to Niflheim.,Emperor Aldercapt, I will return to Niflheim.,5
Chancellor Izunia:So soon?,Chancellor Izunia, So soon?,2
"Emperor Aldercapt:The Crystal is ours. Finish this, and see the daemons disposed of.",Emperor Aldercapt," The Crystal is ours. Finish this, and see the daemons disposed of.",12
Chancellor Izunia:As you command. Such a pitiable waste...,Chancellor Izunia, As you command. Such a pitiable waste...,7
Nyx:How could you serve the Empire? After everything they did!,Nyx, How could you serve the Empire? After everything they did!,10
"Drautos/Glauca:I do not fault them for taking what was given. I fault the man who gave it. The man who cowered behind his Wall and abandoned us to save his throne and his son. Give me the Ring, and our homes will be free again. The Empire has promised it.",Drautos/Glauca," I do not fault them for taking what was given. I fault the man who gave it. The man who cowered behind his Wall and abandoned us to save his throne and his son. Give me the Ring, and our homes will be free again. The Empire has promised it.",50
Nyx:I don't see much of a future on the other side of that promise.,Nyx, I don't see much of a future on the other side of that promise.,14
"Drautos/Glauca:Don't be a fool. Save your friends. Give your dead sister peace. What do you fight for, if not that?",Drautos/Glauca," Don't be a fool. Save your friends. Give your dead sister peace. What do you fight for, if not that?",20
Libertus:Hang on. This could get bumpy.,Libertus, Hang on. This could get bumpy.,6
"Libertus:Here, take the wheel.",Libertus," Here, take the wheel.",4
Libertus:Floor it!,Libertus, Floor it!,2
Libertus:Just keep your foot on the gas.,Libertus, Just keep your foot on the gas.,7
Libertus:You're alright?,Libertus, You're alright?,2
"Libertus:I'll be waiting for you, hero.",Libertus," I'll be waiting for you, hero.",6
Drautos/Glauca:What of your kings's power now? They've given you a burden you cannot hope to bear. I told you before :just wanting doesn't win wars.,Drautos/Glauca, What of your kings's power now? They've given you a burden you cannot hope to bear. I told you before just wanting doesn't win wars.,25
"Drautos/Glauca:For the honor of my home, I fought and killed under a king I loathed. And still, he betrayed me. He betrayed usall.",Drautos/Glauca," For the honor of my home, I fought and killed under a king I loathed. And still, he betrayed me. He betrayed us all.",23
"Nyx:We fought for the same thing. All of us. But you've looked too long on the past, you're blind to the future.",Nyx," We fought for the same thing. All of us. But you've looked too long on the past, you're blind to the future.",22
"Drautos/Glauca:Predictable. Unlike you, I learn from history.",Drautos/Glauca," Predictable. Unlike you, I learn from history.",7
Nyx:But you're a slave to the past.,Nyx, But you're a slave to the past.,7
Drautos/Glauca:A man's past is his pride.,Drautos/Glauca, A man's past is his pride.,6
Nyx:No. My pride is shaping the future.,Nyx, No. My pride is shaping the future.,7
Nyx:Looks like I'm gonna owe him big.,Nyx, Looks like I'm gonna owe him big.,7
Lunafreya:We're almost there.,Lunafreya, We're almost there.,3
"Nyx:King Regis did what he did for the future. Because of him, there's still hope for our homes.",Nyx," King Regis did what he did for the future. Because of him, there's still hope for our homes.",18
"Nyx:Not the worst way to go. Rule well, young king.",Nyx," Not the worst way to go. Rule well, young king.",10
"Libertus:We should move. It ain't safe here either. Hey, don't worry about Nyx. He can take care of himself. Come on.",Libertus," We should move. It ain't safe here either. Hey, don't worry about Nyx. He can take care of himself. Come on.",21
Lunafreya:No. We must part ways here.,Lunafreya, No. We must part ways here.,6
"Lunafreya:I can hardly travel in secrecy alongside so great a hero. And I, too, have a promise to keep to Nyx. I pray you two see each other again soon.",Lunafreya," I can hardly travel in secrecy alongside so great a hero. And I, too, have a promise to keep to Nyx. I pray you two see each other again soon.",30
"Libertus:Yeah. Me, too.",Libertus," Yeah. Me, too.",3
"Lunafreya:Thank you, Libertus.",Lunafreya," Thank you, Libertus.",3
"Libertus:Hey, queen! You and the king are always welcome in Galahd! Me and Nyx will be waiting for you!",Libertus," Hey, queen! You and the king are always welcome in Galahd! Me and Nyx will be waiting for you!",19
Ignis Scientia:It's been some while. Do you remember the last time you saw Lady Lunafreya?,Ignis Scientia, It's been some while. Do you remember the last time you saw Lady Lunafreya?,14
Noctis:About twelve years ago.,Noctis, About twelve years ago.,4
Prompto Argentum:That would make you eight? You were kids!,Prompto Argentum, That would make you eight? You were kids!,8
Gladiolus Amicitia:Hope she hasn't gotten her hopes up.,Gladiolus Amicitia, Hope she hasn't gotten her hopes up.,7
"Noctis:Why not?(to Prompto, who laughs)Calm yourself.",Noctis," Why not? (to Prompto, who laughs) Calm yourself.",6
Gladiolus:Try and keep it together when you meet her.,Gladiolus, Try and keep it together when you meet her.,9
Ignis:She'll expect to see a fine young prince.,Ignis, She'll expect to see a fine young prince.,8
Noctis:Tell me something I don't know.,Noctis, Tell me something I don't know.,6
"Ignis:We don't have time for all that. But this is your wedding we're talking about, Noct.",Ignis," We don't have time for all that. But this is your wedding we're talking about, Noct.",16
"Noctis:Knew that, too.(to Prompto, who laughs again)You really gotta calm down.",Noctis," Knew that, too. (to Prompto, who laughs again) You really gotta calm down.",11
"Gladiolus:What do you mean, ""uh-oh?""",Gladiolus," What do you mean, ""uh-oh?""",5
Noctis:I think I know.,Noctis, I think I know.,4
